<?xml version="1.0" encoding="UTF-8"?>
<beans:beans xmlns="http://www.springframework.org/schema/mvc"
	xmlns:xsi="http://www.w3.org/2001/XMLSchema-instance"
	xmlns:beans="http://www.springframework.org/schema/beans"
	xmlns:context="http://www.springframework.org/schema/context"
	xmlns:mybatis-spring="http://mybatis.org/schema/mybatis-spring"
	xsi:schemaLocation="http://www.springframework.org/schema/mvc https://www.springframework.org/schema/mvc/spring-mvc.xsd
		http://mybatis.org/schema/mybatis-spring http://mybatis.org/schema/mybatis-spring-1.2.xsd
		http://www.springframework.org/schema/beans https://www.springframework.org/schema/beans/spring-beans.xsd
		http://www.springframework.org/schema/context https://www.springframework.org/schema/context/spring-context.xsd">

	<!-- DispatcherServlet Context: defines this servlet's request-processing infrastructure -->
	
	<!-- Enables the Spring MVC @Controller programming model -->
	<annotation-driven />

	<!-- Handles HTTP GET requests for /resources/** by efficiently serving up static resources in the ${webappRoot}/resources directory -->
	<resources mapping="/resources/**" location="/resources/" />

	<!-- Resolves views selected for rendering by @Controllers to .jsp resources in the /WEB-INF/views directory -->
	<beans:bean class="org.springframework.web.servlet.view.InternalResourceViewResolver">
		<beans:property name="prefix" value="/WEB-INF/views/" />
		<beans:property name="suffix" value=".jsp" />
	</beans:bean>
	<!--
	<beans:bean id="sessionFactory" class="org.mybatis.spring.SqlSessionFactoryBean">
    <beans:property name="dataSource" ref="dataSource" />
    <beans:property name="configLocation" value="classpath:/MyBatisConfig.xml" />
    <beans:property name = "mapperLocations" value = "classpath:/mappers/**/*.xml"/>
	</beans:bean>
	-->
	
	<beans:bean id="sqlSession" class="org.mybatis.spring.SqlSessionTemplate">
  <beans:constructor-arg index="0" ref="sqlSessionFactory" />
</beans:bean>
	
	<context:component-scan base-package="com.team4.happymovie" />
	<context:component-scan base-package="dao" />
	<context:component-scan base-package="detailed" />
	<context:component-scan base-package="dto" />
	<context:component-scan base-package="login" />
	<context:component-scan base-package="main" />
	<context:component-scan base-package="rank" />
	<context:component-scan base-package="search" />
	
</beans:beans>
